Epoch,Train Loss,Validation Loss
0,24.159596,21.011857
1,15.851063,4.887139
